{
    "display_id": "\u67e5\u627e2",
    "title": "\u6d88\u6d88\u4e50",
    "description": {
        "format": "html",
        "value": "<p>\u5c0f\u660e\u8ff7\u4e0a\u4e86\u4e00\u6b3e\u6e38\u620f&quot;\u6d88\u6d88\u4e50&quot;,\u6bcf\u5929\u73a9\u5f97\u4e50\u6b64\u4e0d\u75b2,\u91cc\u9762\u6d88\u9664\u7684\u89c4\u5219\u5c31\u662f,\u6d88\u9664\u4e00\u5757\u533a\u57df\u5185\u540c\u4e00\u989c\u8272\u7684\u8272\u5757.\u6bcf\u6b21\u6d88\u9664\u7684\u8272\u5757\u8d8a\u591a\u79ef\u5206\u8d8a\u9ad8,\u5047\u8bbe\u73b0\u5728\u6240\u6709\u8272\u5757\u90fd\u6392\u5728\u4e00\u6761\u76f4\u7ebf\u4e0a,\u6211\u4eec\u8981\u627e\u5230\u6700\u957f\u7684\u8fde\u7eed\u8272\u5757\u7684\u4f4d\u7f6e.</p>"
    },
    "tags": [
        "\u67e5\u627e"
    ],
    "input_description": {
        "format": "html",
        "value": "<p>\u7b2c\u4e00\u884c\u662f\u8272\u5757\u7684\u603b\u957f\u5ea6n\uff0cn&lt;=100</p><p>\u7b2c\u4e8c\u884c\u662fn\u4e2a\u5404\u79cd\u5404\u6837\u989c\u8272\u7684\u8272\u5757(0,1,2)</p>"
    },
    "output_description": {
        "format": "html",
        "value": "<p>\u8f93\u51fa\u6700\u957f\u8fde\u7eed\u7684\u8272\u5757\u5728\u8272\u5757\u6761\u4e2d\u7684\u8d77\u59cb\u4f4d\u7f6e\u548c\u672b\u4f4d\u7f6e\uff0c\u8272\u5757\u7684\u8d77\u59cb\u4e0b\u6807\u4e3a0\uff1b</p><p>\u82e5\u6709\u591a\u4e2a\u6700\u957f\u4e14\u957f\u5ea6\u76f8\u7b49\u7684\u8272\u5757\u6761(\u7531 &gt;=2 \u4e2a\u4ee5\u4e0a\u7684\u540c\u8272\u8272\u5757\u6784\u6210)\uff0c\u8f93\u51fa\u7b2c\u4e00\u4e2a\u6700\u957f\u8272\u5757\u6761\u7684\u8d77\u59cb\u4f4d\u7f6e\u548c\u672b\u4f4d\u7f6e\uff1b</p><p>\u82e5\u6ca1\u6709\u8272\u5757\u6761\u5b58\u5728\uff0c\u8f93\u51fa&quot;No answer.&quot;</p>"
    },
    "test_case_score": [
        {
            "score": 8,
            "input_name": "1.in",
            "output_name": "1.out"
        },
        {
            "score": 8,
            "input_name": "2.in",
            "output_name": "2.out"
        },
        {
            "score": 8,
            "input_name": "3.in",
            "output_name": "3.out"
        },
        {
            "score": 8,
            "input_name": "4.in",
            "output_name": "4.out"
        },
        {
            "score": 8,
            "input_name": "5.in",
            "output_name": "5.out"
        },
        {
            "score": 8,
            "input_name": "6.in",
            "output_name": "6.out"
        },
        {
            "score": 8,
            "input_name": "7.in",
            "output_name": "7.out"
        },
        {
            "score": 8,
            "input_name": "8.in",
            "output_name": "8.out"
        },
        {
            "score": 8,
            "input_name": "9.in",
            "output_name": "9.out"
        },
        {
            "score": 8,
            "input_name": "10.in",
            "output_name": "10.out"
        },
        {
            "score": 8,
            "input_name": "11.in",
            "output_name": "11.out"
        },
        {
            "score": 8,
            "input_name": "12.in",
            "output_name": "12.out"
        },
        {
            "score": 8,
            "input_name": "13.in",
            "output_name": "13.out"
        }
    ],
    "hint": {
        "format": "html",
        "value": "<p>\u591a\u601d\u8003\u4e00\u4e0b</p>"
    },
    "time_limit": 3000,
    "memory_limit": 256,
    "samples": [
        {
            "input": "14\n1 2 2 0 0 0 1 1 1 1 2 0 1 0",
            "output": "6 9"
        },
        {
            "input": "5\n1 2 1 0 0 ",
            "output": "3 4"
        },
        {
            "input": "2\n0 1",
            "output": "No answer."
        }
    ],
    "template": {},
    "spj": null,
    "rule_type": "OI",
    "source": "Kerno",
    "answers": [
        {
            "language": "C",
            "code": "#include<stdio.h>\n\nint main()\n{\n\tint a,input;\n\tint last=-1, len=0,maxlen=0;\n\tint start, end;\n\tint n_start, i=0;\n\tscanf(\"%d\", &a);\n\twhile (a--)\n\t{\n\t\ti++;\n\t\tscanf(\"%d\", &input);\n\t\tif (last == input)\n\t\t\tlen++;\n\t\telse\n\t\t{\n\t\t\tif (len >= 2 && len > maxlen)\n\t\t\t{\n\t\t\t\tstart = n_start;\n\t\t\t\tend = start + len-1;\n\t\t\t\tmaxlen = len;\n\t\t\t}\n\t\t\tlen = 1;\n\t\t\tn_start = i - 1;\n\t\t\tlast = input;\n\t\t\t\n\t\t}\n\t}\n\tif (len >= 2 && len > maxlen)\n\t{\n\t\tstart = n_start;\n\t\tend = start + len-1;\n\t\tmaxlen = len;\n\t}\n\tif (maxlen == 0)\n\t{\n\t\tprintf(\"No answer.\");\n\t\treturn 0;\n\t}\n\tprintf(\"%d %d\", start, end);\n\n\treturn 0;\n}"
        }
    ]
}