{
    "display_id": "\u6570\u5b661",
    "title": "\u9ad8\u8003\u6bd5\u4e1a",
    "description": {
        "format": "html",
        "value": "<h1><strong>\u9898\u76ee\u80cc\u666f</strong></h1><p>\u201c\u53ee\u94c3\u94c3\u94c3\u201d\uff0c\u968f\u7740\u9ad8\u8003\u6700\u540e\u4e00\u79d1\u7ed3\u8003\u94c3\u58f0\u7684\u6572\u54cd\uff0c\u4e09\u5e74\u9752\u6625\u65f6\u5149\u987f\u65f6\u51dd\u56fa\u4e8e\u6b64\u523b\u3002\u6bd5\u4e1a\u7684\u6b23\u559c\u600e\u654c\u90a3\u79bb\u522b\u7684\u4e0d\u820d\uff0c\u61a7\u61ac\u7740\u672a\u6765\u4ecd\u6bcb\u5fd8\u901d\u53bb\u7684\u6b4c\u3002</p><p>1000\u591a\u4e2a\u65e5\u591c\u7684\u6b22\u7b11\u548c\u6cea\u6c34\uff0c\u5168\u51dd\u805a\u5728\u6bd5\u4e1a\u665a\u4f1a\u4e0a\uff0c\u76f8\u4fe1\uff0c\u8fd9\u4e00\u5b9a\u662f\u4e00\u751f\u6700\u96be\u5fd8\u7684\u65f6\u523b\uff01</p><h2><strong>\u9898\u76ee\u63cf\u8ff0</strong></h2><p>\u4e3a\u4e86\u628a\u6bd5\u4e1a\u665a\u4f1a\u529e\u5f97\u66f4\u597d\uff0c\u8001\u5e08\u60f3\u8981\u6311\u51fa\u9ed8\u5951\u7a0b\u5ea6\u6700\u5927\u7684k\u4e2a\u4eba\u53c2\u4e0e\u6bd5\u4e1a\u665a\u4f1a\u5f69\u6392\u3002\u53ef\u662f\u5982\u4f55\u6311\u5462\uff1f\u8001\u5e08\u5217\u51fa\u5168\u73ed\u540c\u5b66\u7684\u53f7\u65701\uff0c2\uff0c\u2026\u2026\uff0cn\uff0c\u5e76\u4e14\u76f8\u4fe1k\u4e2a\u4eba\u7684\u9ed8\u5951\u7a0b\u5ea6\u4fbf\u662f\u4ed6\u4eec\u7684\u6700\u5927\u516c\u7ea6\u6570\uff08\u8fd9\u4e0d\u662f\u8ff7\u4fe1\u54e6~\uff09\u3002\u8fd9\u53ef\u96be\u4e3a\u4e86\u4ed6\uff0c\u8bf7\u4f60\u5e2e\u5e2e\u5fd9\u5427\uff01</p><p><span style=\"color: rgb(153, 153, 153);\">PS\uff1a\u4e00\u4e2a\u6570\u7684\u6700\u5927\u516c\u7ea6\u6570\u5373\u672c\u8eab\u3002</span></p><p><span style=\"color: rgb(153, 153, 153);\"><br /></span></p><p><span style=\"color: rgb(153, 153, 153);\"></span></p><hr /><p><br /></p><p>\u5bf9\u4e8e20%\u7684\u6570\u636e\uff0ck&lt;=2,n&lt;=1000</p><p>\u5bf9\u4e8e\u53e630%\u7684\u6570\u636e\uff0ck&lt;=10,n&lt;=100</p><p>\u5bf9\u4e8e100%\u7684\u6570\u636e\uff0ck&lt;=1e9,n&lt;=1e9\uff08\u795e\u7287\u5b66\u6821\uff0c\u4eba\u6570\u8d3c\u591a\uff09</p>"
    },
    "tags": [
        "\u6570\u5b66\u5b66\u9738"
    ],
    "input_description": {
        "format": "html",
        "value": "<p>\u4e24\u4e2a\u7a7a\u683c\u5206\u5f00\u7684\u6b63\u6574\u6570n\u548ck\u3002\uff08n&gt;=k&gt;=1\uff09</p>"
    },
    "output_description": {
        "format": "html",
        "value": "<p>\u4e00\u4e2a\u6574\u6570\uff0c\u4e3a\u6700\u5927\u7684\u9ed8\u5951\u503c\u3002</p>"
    },
    "test_case_score": null,
    "hint": {
        "format": "html",
        "value": "<p>\u8fd9\u9053\u7b80\u5355\u7684\u9898main\u51fd\u6570\u5185\u53ea\u9700\u89813\u884c\u4ee3\u7801\u5373\u53ef</p>"
    },
    "time_limit": 1000,
    "memory_limit": 256,
    "samples": [
        {
            "input": "4 2",
            "output": "2"
        }
    ],
    "template": {},
    "spj": null,
    "rule_type": "ACM",
    "source": "\u9177\u8bfaOJ http://127.0.0.1",
    "answers": [
        {
            "language": "C++",
            "code": "#include<iostream>\nusing namespace std;\nlong long n,k;\nint main()\n{\n    cin>>n>>k;\n    cout<<n/k;\n    return 0;\n}"
        }
    ]
}