{
    "display_id": "\u5faa\u73af1",
    "title": "\u7ed8\u5236\u5c0f\u83f1\u5f62",
    "description": {
        "format": "html",
        "value": "<p>\u5c0f\u660e\u4eca\u5929C\u8bed\u8a00\u8bfe\u5b66\u4e86 \u5faa\u73af\u63a7\u5236\u8bed\u53e5 for, while, do...while \u4ed6\u60f3\u50cf\u8001\u5e08\u6f14\u793a\u90a3\u6837\u753b\u4e00\u4e2a n \u9636\u5b9e\u5fc3\u83f1\u5f62.</p>"
    },
    "tags": [
        "\u5faa\u73af\u63a7\u5236\u8bed\u53e5"
    ],
    "input_description": {
        "format": "html",
        "value": "<p>\u8f93\u5165\u4e00\u4e2a\u6574\u6570n\uff0c0 &lt; n &lt;= 20</p>"
    },
    "output_description": {
        "format": "html",
        "value": "<p>\u8f93\u51fa n \u9636\u5b9e\u5fc3\u83f1\u5f62 \uff0c \u5360 2*n-1 \u884c</p>"
    },
    "test_case_score": [
        {
            "score": 5,
            "input_name": "1.in",
            "output_name": "1.out"
        },
        {
            "score": 5,
            "input_name": "2.in",
            "output_name": "2.out"
        },
        {
            "score": 5,
            "input_name": "3.in",
            "output_name": "3.out"
        },
        {
            "score": 5,
            "input_name": "4.in",
            "output_name": "4.out"
        },
        {
            "score": 5,
            "input_name": "5.in",
            "output_name": "5.out"
        },
        {
            "score": 5,
            "input_name": "6.in",
            "output_name": "6.out"
        },
        {
            "score": 5,
            "input_name": "7.in",
            "output_name": "7.out"
        },
        {
            "score": 5,
            "input_name": "8.in",
            "output_name": "8.out"
        },
        {
            "score": 5,
            "input_name": "9.in",
            "output_name": "9.out"
        },
        {
            "score": 5,
            "input_name": "10.in",
            "output_name": "10.out"
        },
        {
            "score": 5,
            "input_name": "11.in",
            "output_name": "11.out"
        },
        {
            "score": 5,
            "input_name": "12.in",
            "output_name": "12.out"
        },
        {
            "score": 5,
            "input_name": "13.in",
            "output_name": "13.out"
        },
        {
            "score": 5,
            "input_name": "14.in",
            "output_name": "14.out"
        },
        {
            "score": 5,
            "input_name": "15.in",
            "output_name": "15.out"
        },
        {
            "score": 5,
            "input_name": "16.in",
            "output_name": "16.out"
        },
        {
            "score": 5,
            "input_name": "17.in",
            "output_name": "17.out"
        },
        {
            "score": 5,
            "input_name": "18.in",
            "output_name": "18.out"
        },
        {
            "score": 5,
            "input_name": "19.in",
            "output_name": "19.out"
        },
        {
            "score": 5,
            "input_name": "20.in",
            "output_name": "20.out"
        },
        {
            "score": 5,
            "input_name": "21.in",
            "output_name": "21.out"
        }
    ],
    "hint": {
        "format": "html",
        "value": "<p>\u7528\u5faa\u73af\u63a7\u5236\u8bed\u53e5</p>"
    },
    "time_limit": 1000,
    "memory_limit": 256,
    "samples": [
        {
            "input": "3",
            "output": "  *\n ***\n*****\n ***\n  *"
        }
    ],
    "template": {},
    "spj": null,
    "rule_type": "OI",
    "source": "Kerno",
    "answers": []
}