{
    "display_id": "\u5faa\u73af2",
    "title": "\u7ed8\u5236\u7279\u8272\u7684\u7a7a\u5fc3\u83f1\u5f62",
    "description": {
        "format": "html",
        "value": "<p>\u5c0f\u660e\u5b66\u4f1a\u7ed8\u5236\u83f1\u5f62\u540e,\u7a81\u53d1\u5947\u60f3\u60f3\u7ed8\u5236\u4e00\u4e2a\u7a7a\u5fc3\u83f1\u5f62,\u4e3a\u4e86\u7ed9\u81ea\u5df1\u589e\u52a0\u96be\u5ea6,\u51c6\u5907\u628a\u83f1\u5f62\u7684\u8fb9\u7531\u5b57\u6bcd\u6784\u6210.</p>"
    },
    "tags": [
        "\u7ed8\u5236\u56fe\u5f62"
    ],
    "input_description": {
        "format": "html",
        "value": "<p>\u8f93\u5165\u4e00\u4e2a\u5927\u5199\u5b57\u6bcd\u4e0e\u4e00\u4e2a\u6574\u6570n\uff0c1&lt;=n&lt;=100</p>"
    },
    "output_description": {
        "format": "html",
        "value": "<p>\u8f93\u51fa\u5982\u4e0b\u9ad8\u5ea6\u4e3a2n-1\u7684\u83f1\u5f62\uff1b</p>"
    },
    "test_case_score": [
        {
            "score": 5,
            "input_name": "1.in",
            "output_name": "1.out"
        },
        {
            "score": 5,
            "input_name": "2.in",
            "output_name": "2.out"
        },
        {
            "score": 5,
            "input_name": "3.in",
            "output_name": "3.out"
        },
        {
            "score": 5,
            "input_name": "4.in",
            "output_name": "4.out"
        },
        {
            "score": 5,
            "input_name": "5.in",
            "output_name": "5.out"
        },
        {
            "score": 5,
            "input_name": "6.in",
            "output_name": "6.out"
        },
        {
            "score": 5,
            "input_name": "7.in",
            "output_name": "7.out"
        },
        {
            "score": 5,
            "input_name": "8.in",
            "output_name": "8.out"
        },
        {
            "score": 5,
            "input_name": "9.in",
            "output_name": "9.out"
        },
        {
            "score": 5,
            "input_name": "10.in",
            "output_name": "10.out"
        },
        {
            "score": 5,
            "input_name": "11.in",
            "output_name": "11.out"
        },
        {
            "score": 5,
            "input_name": "12.in",
            "output_name": "12.out"
        },
        {
            "score": 5,
            "input_name": "13.in",
            "output_name": "13.out"
        },
        {
            "score": 5,
            "input_name": "14.in",
            "output_name": "14.out"
        },
        {
            "score": 5,
            "input_name": "15.in",
            "output_name": "15.out"
        },
        {
            "score": 5,
            "input_name": "16.in",
            "output_name": "16.out"
        },
        {
            "score": 5,
            "input_name": "17.in",
            "output_name": "17.out"
        },
        {
            "score": 5,
            "input_name": "18.in",
            "output_name": "18.out"
        },
        {
            "score": 5,
            "input_name": "19.in",
            "output_name": "19.out"
        },
        {
            "score": 5,
            "input_name": "20.in",
            "output_name": "20.out"
        }
    ],
    "hint": {
        "format": "html",
        "value": "<p>A\u7684\u4e0b\u4e00\u4e2a\u5b57\u6bcd\u662fB\uff0cZ\u7684\u4e0b\u4e00\u4e2a\u5b57\u6bcd\u662fA</p>"
    },
    "time_limit": 1000,
    "memory_limit": 256,
    "samples": [
        {
            "input": "R 12",
            "output": "           R\n          S S\n         T   T\n        U     U\n       V       V\n      W         W\n     X           X\n    Y             Y\n   Z               Z\n  A                 A\n B                   B\nC                     C\n B                   B\n  A                 A\n   Z               Z\n    Y             Y\n     X           X\n      W         W\n       V       V\n        U     U\n         T   T\n          S S\n           R"
        }
    ],
    "template": {},
    "spj": null,
    "rule_type": "OI",
    "source": "Kerno",
    "answers": []
}