{
    "display_id": "\u6392\u5e8f1",
    "title": "\u4e0a\u5395\u6240\u6392\u961f\u95ee\u9898",
    "description": {
        "format": "html",
        "value": "<p>\u897f\u5357\u77f3\u6cb9\u5927\u5b66\u7684\u5395\u6240\u5904\u4e8e\u7ef4\u4fee\u72b6\u6001\uff0c\u53ea\u6709\u4e00\u4e2a\u7a7a\u4f4d\uff0c\u73b0\u5728\u6709<b>n</b>\u4e2a\u4eba\u5728\u5395\u6240\u524d\u9762\u6392\u961f\uff0c\u5982\u679c\u6bcf\u4e2a\u4eba\u4e0a\u5395\u6240\u7684\u65f6\u95f4\u4e3a<b>Ti</b>\uff0c\u4e3a\u8ba9<b>n</b>\u4e2a\u4eba\u7684<span style=\"color: rgb(227, 55, 55);\">\u5e73\u5747\u7b49\u5f85\u65f6\u95f4\u6700\u5c0f</span>\uff0c\u600e\u6837\u7f16\u7a0b\u6392\u5217\u51fa<b>n</b>\u4e2a\u4eba\u7684\u6392\u5e8f\u987a\u5e8f</p>"
    },
    "tags": [
        "\u6392\u5e8f"
    ],
    "input_description": {
        "format": "html",
        "value": "<p>\u8f93\u5165\u5171\u4e24\u884c\uff0c\u7b2c\u4e00\u884c\u4e3a<strong>n</strong>\uff1b\u7b2c\u4e8c\u884c\u5206\u522b\u8868\u793a\u7b2c<strong>1</strong>\u4e2a\u4eba\u5230\u7b2c<strong>n</strong>\u4e2a\u4eba\u6bcf\u4eba\u7684\u4e0a\u5395\u6240\u7684\u65f6\u95f4\u4e3a<span style=\"color: rgb(65, 140, 175);\">T1\uff0cT2\uff0c\u2026\uff0cTn</span>\uff0c\u6bcf\u4e2a\u6570\u636e\u4e4b\u95f4\u6709<span style=\"color: rgb(32, 147, 97);\">1\u4e2a\u7a7a\u683c</span>\u3002</p><p>\u8bf4\u660e</p><p><span style=\"color: rgb(227, 55, 55);\">n&lt;=1000</span></p><p><span style=\"color: rgb(227, 55, 55);\">ti&lt;=1e6</span>\uff0c\u4e0d\u4fdd\u8bc1ti\u4e0d\u91cd\u590d</p><p>\u5f53ti\u91cd\u590d\u65f6\uff0c\u6309\u7167\u8f93\u5165\u987a\u5e8f\u5373\u53ef\uff08sort\u662f\u53ef\u4ee5\u7684\uff09</p>"
    },
    "output_description": {
        "format": "html",
        "value": "<p>\u8f93\u51fa\u6709\u4e24\u884c\uff0c\u7b2c\u4e00\u884c\u4e3a\u4e00\u79cd\u6392\u961f\u987a\u5e8f\uff0c\u53731\u5230n\u7684\u4e00\u79cd<span style=\"color: rgb(65, 140, 175);\">\u6392\u5217</span>\uff1b\u7b2c\u4e8c\u884c\u4e3a\u8fd9\u79cd\u6392\u5217\u65b9\u6848\u4e0b\u7684\u5e73\u5747\u7b49\u5f85\u65f6\u95f4(\u8f93\u51fa\u7ed3\u679c<span style=\"color: rgb(32, 147, 97);\">\u7cbe\u786e\u5230\u5c0f\u6570\u70b9\u540e\u4e24\u4f4d</span>)\u3002</p>"
    },
    "test_case_score": null,
    "hint": {
        "format": "html",
        "value": "<p>\u6837\u4f8b1\u768420\uff1a\uff085+15+30+50\uff09/5\uff0c</p><p>5\u300115\u300130\u300150\u5206\u522b\u4e3a\u7b2c\u4e8c\u4e2a\u4eba\u7b49\u5f85\u65f6\u95f4\u3001\u7b2c\u4e09\u4e2a\u4eba\u3001\u7b2c\u56db\u4e2a...</p><p><span style=\"color: rgb(227, 55, 55);\">\u56e0\u4e3a\u6570\u636e\u76f8\u52a0\u6bd4\u8f83\u5927\uff0c\u6240\u4ee5\u53ef\u4ee5\u7528long\u7c7b\u578b\u548cdouble\u7c7b\u578b</span></p>"
    },
    "time_limit": 1000,
    "memory_limit": 256,
    "samples": [
        {
            "input": "5\n10 20 30 5 15",
            "output": "4 1 5 2 3 \n20.00"
        },
        {
            "input": "4\n15 17 60 3",
            "output": "4 1 2 3 \n14.00"
        }
    ],
    "template": {},
    "spj": null,
    "rule_type": "ACM",
    "source": "\u9177\u8bfaOJ http://127.0.0.1",
    "answers": [
        {
            "language": "Java",
            "code": "import java.util.*;\nimport static java.lang.System.out;\n\npublic class Main {\n\n\n\n\n    public static void main(String[] args) {\n        Scanner sc = new Scanner(System.in);\n        int a;\n        a = sc.nextInt();\n        ArrayList<Ele> n = new ArrayList<Ele>();\n        for (int i = 0; i < a; i++)\n        {\n            Ele e;\n            e= new Ele(sc.nextInt(), i + 1);\n            n.add(e);\n\n        }\n\n        Collections.sort(n);\n\n        n.forEach(x-> System.out.print(x.num+\" \"));\n        long time=0,before=0;\n\n        n.remove(a-1);\n        for (Ele x:n) {\n            time+=before;\n            time+=x.valve;\n            before+=x.valve;\n        }\n        System.out.println(\"\\n\"+String.format(\"%.2f\",(double) time/a));\n\n\n    }\n\n}\n\nclass Ele implements Comparable<Ele>{\n    int valve;\n    int num;\n\n    public Ele(int _valve, int _num) {\n        valve = _valve;\n        num = _num;\n    }\n\n\n    @Override\n    public int compareTo(Ele o) {\n        return this.valve-o.valve;\n    }\n}"
        }
    ]
}