{
    "display_id": "\u5faa\u73af3",
    "title": "\u8ba1\u7b97\u5668\u95ee\u9898",
    "description": {
        "format": "html",
        "value": "<p>\u5c0f\u660e\u65b0\u4e70\u4e86\u4e00\u4e2a\u8ba1\u7b97\u5668\uff0c\u91cc\u9762\u62e5\u6709\u4e00\u4e2a\u529f\u80fd\uff0c\u80fd\u591f\u63a5\u6536\u4f60\u8f93\u5165\u7684\u4efb\u4f55\u6570\u5b57\uff0c\u8f93\u51fa\u663e\u793a\u4e3a\u4ed6\u7684\u5012\u7f6e\u6570\u5b57\uff08\u7b2c\u4e00\u6b21\u505a\u7684\u65f6\u5019\u5efa\u8bae\u5148\u8003\u8651\u5982\u4f55\u53ea\u5012\u7f6e\u4e00\u4e2a\u6570\uff0c\u518d\u60f3\u529e\u6cd5\u600e\u4e48\u5012\u7f6e\u591a\u4e2a\u6570\uff09</p>"
    },
    "tags": [
        "\u5faa\u73af",
        "\u7b80\u5355\u7b97\u6cd5"
    ],
    "input_description": {
        "format": "html",
        "value": "<p>\u8f93\u5165\u7b2c\u4e00\u4e2a\u6570\u5b57n, \u4ee3\u8868\u9700\u8981\u5012\u7f6e\u6570\u5b57\u7684\u4e2a\u6570\uff0c\u540e\u9762\u518d\u63a5\u4e0b\u6765\u8f93\u5165n\u4e2a\u6570\uff08\u6570\u636e\u4e4b\u524d\u7528\u7a7a\u683c\u9694\u5f00\uff09</p>"
    },
    "output_description": {
        "format": "html",
        "value": "<p>\u5206\u522b\u8f93\u51fa\u5012\u7f6e\u540e\u7684\u6bcf\u4e00\u4e2a\u6570\uff0c\u8f93\u51fa\u7684\u6570\u4e4b\u524d\u7528\u7a7a\u683c\u9694\u5f00</p>"
    },
    "test_case_score": null,
    "hint": {
        "format": "html",
        "value": ""
    },
    "time_limit": 1000,
    "memory_limit": 256,
    "samples": [
        {
            "input": "5 13213 4564 159 15 23",
            "output": "31231 4654 951 51 32"
        },
        {
            "input": "6 123456 5612 23 1 000520 1501",
            "output": "654321 2165 32 1 25 1051"
        },
        {
            "input": "2 00010120 13165000",
            "output": "2101 56131"
        }
    ],
    "template": {},
    "spj": null,
    "rule_type": "ACM",
    "source": "\u9177\u8bfaOJ http://127.0.0.1",
    "answers": []
}