{
    "display_id": "\u67e5\u627e1",
    "title": "\u5c0f\u660e\u501f\u94b1",
    "description": {
        "format": "html",
        "value": "<p>\u5c0f\u660e\u662f\u67d0\u5927\u5b66\u7684\u4e00\u540d\u5b66\u751f,\u4ed6\u4eec\u73ed\u4e0a\u6709 n \u4eba,\u67d0\u4e00\u5929\u4ed6\u7684\u7b14\u8bb0\u672c\u574f\u4e86,\u60f3\u627e\u73ed\u4e0a\u540c\u5b66\u501f\u70b9\u94b1,\u4ed6\u60f3\u77e5\u9053\u73ed\u4e0a\u7684\u540c\u5b66\u4e00\u5171\u6709\u591a\u5c11\u94b1,\u6700\u591a\u7684\u591a\u5c11,\u6700\u5c11\u7684\u591a\u5c11.</p>"
    },
    "tags": [
        "\u67e5\u627e"
    ],
    "input_description": {
        "format": "html",
        "value": "<p>\u8f93\u5165\u4e00\u4e2a\u6574\u6570n\uff0c\u4ee3\u8868\u63a5\u4e0b\u6765\u8f93\u5165\u6574\u6570\u4e2a\u6570\uff0c0 &lt; n &lt;= 100\uff0c\u63a5\u7740\u8f93\u5165n\u4e2a\u6574\u6570\uff0c\u6574\u6570\u7528int\u8868\u793a\u5373\u53ef\u3002</p>"
    },
    "output_description": {
        "format": "html",
        "value": "<p>\u8f93\u51fa\u6574\u6570\u5e8f\u5217\u7684\u548c\u3001\u6700\u5c0f\u503c\u3001\u6700\u5927\u503c\u3002\u7528\u7a7a\u683c\u9694\u5f00\uff0c\u5360\u4e00\u884c</p>"
    },
    "test_case_score": [
        {
            "score": 17,
            "input_name": "1.in",
            "output_name": "1.out"
        },
        {
            "score": 17,
            "input_name": "2.in",
            "output_name": "2.out"
        },
        {
            "score": 17,
            "input_name": "3.in",
            "output_name": "3.out"
        },
        {
            "score": 17,
            "input_name": "4.in",
            "output_name": "4.out"
        },
        {
            "score": 17,
            "input_name": "5.in",
            "output_name": "5.out"
        },
        {
            "score": 17,
            "input_name": "6.in",
            "output_name": "6.out"
        }
    ],
    "hint": {
        "format": "html",
        "value": ""
    },
    "time_limit": 1000,
    "memory_limit": 256,
    "samples": [
        {
            "input": "2\n1 2",
            "output": "3 1 2"
        },
        {
            "input": "6\n896 76 265 827 110 624",
            "output": "2798 76 896"
        }
    ],
    "template": {},
    "spj": null,
    "rule_type": "OI",
    "source": "kerno",
    "answers": [
        {
            "language": "C",
            "code": "#include <stdio.h>\n#define N 300\nint main()\n{\n\tint m, n, num[N];\n\tint sum = 0, min, max;\n\tscanf(\"%d\", &m);\n\tfor (n = 0; n < m; n++)\n\t{\n\t\tscanf(\"%d\", &num[n]);\n\t\tsum += num[n];\n\t}\n\tmin = num[0];\n\tmax = num[0];\n\tfor (n = 0; n < m; n++)\n\t{\n\t\tif (num[n] < min)\n\t\t{\n\t\t\tmin = num[n];\n\t\t}\n\t\tif (num[n] > max)\n\t\t{\n\t\t\tmax = num[n];\n\t\t}\n\t}\n\tprintf(\"%d %d %d\\n\", sum, min, max);\n}"
        }
    ]
}